gplay-name,gplay-technical-name,branding,device
8849 TANK2,8849 TANK2,8849,TANK2
8849 TANK3,8849 TANK3,8849,TANK3
Asus ROG Phone 5,asus ASUS_I005_1,Asus,ASUS_I005_1
Asus ROG Phone 6,asus ASUS_AI2201,Asus,ASUS_AI2201
Asus Zenfone 8,asus ASUS_I006D,Asus,ASUS_I006D
Asus Zenfone 8 Flip,asus ASUS_I004D,Asus,ASUS_I004D
Asus Zenfone 9,asus ASUS_AI2202,Asus,ASUS_AI2202
AT&T Calypso® 4,ATT U380AA,AT&T,U380AA
benco AE9240,benco AE9240,benco,AE9240
benco V91,benco AE9310,benco,AE9310
Blackview BL9000,Blackview BL9000,Blackview,BL9000
Blackview Shark 8,Blackview Shark8,Blackview,Shark8
Blu B160V,BLU B160V,Blue,B160V
Blu BOLD N3,BLU N0070,Blu,N0070
Blu G33,BLU G0890,Blu,G0890
Blu G33,BLU G0892,Blu,G0892
Blu G33,BLU G0892,Blu,G0892_SP
Blu G53,BLU G0850,Blu,G0850
Blu G53,BLU G0850_IW,Blu,G0850_IW
Blu G53,BLU G0850_TIGO,Blu,G0850_TIGO
Blu G53,BLU G0851,Blu,G0851
Blu G63,BLU G0870,Blu,G0870
Cricket Debut S2™,Cricket U380AC,Cricket,U380AC
Cubot P80,CUBOT P80,Cubot,P80
Cubot X70,CUBOT X70,Cubot,X70
Daria DM-B50104,Daria zahedan,Daria,zahedan
Dcode DS_BD3,DCODE DS_BD3,Dcode,DS_BD3
Deutsche Telekom T Phone Pro,DeutscheTelekom Lion,Deutsche Telekom,Lion
Deutsche Telekom T Phone 2,DeutscheTelekom PUMA,Deutsche Telekom,PUMA
Deutsche Telekom T Phone 2 Pro,DeutscheTelekom CHEETAH,Deutsche Telekom,CHEETAH
Doogee N50,DOOGEE 1918Y,Doogee,1918Y
Doogee S110,DOOGEE M22P,Doogee,M22P
Doogee Smini,DOOGEE ZN137,Doogee,ZN137
Fairphone 5 5G,Fairphone FP5,Fairphone,FP5
Fairphone Fairphone3,Fairphone FP3,Fairphone,FP3
Fairphone Fairphone4,Fairphone FP4,Fairphone,FP4
Google Pixel 4,google flame,Google,flame
Google Pixel 4 XL,google coral,Google,coral
Google Pixel 4a,google sunfish,Google,sunfish
Google Pixel 4a 5G,google bramble,Google,bramble
Google Pixel 5,google redfin,Google,redfin
Google Pixel 5a 5G,google barbet,Google,barbet
Hisense E33,Hisense HLTE243E_01,Hisense,HLTE243E_01
Honor 200 Lite,HONOR HNLLY-M1,Honor,HNLLY-M1
Honor HONOR 50,HONOR HNNTH,Honor,HNNTH
Honor HONOR 50 Lite,HONOR HNNTN,Honor,HNNTN
Honor HONOR 70,HONOR HNFNE,Honor,HNFNE
Honor HONOR 90,HONOR HNREA,Honor,HNREA
Honor HONOR 90 Lite,HONOR HNCRT-M2,Honor,HNCRT-M2
Honor HONOR Magic4 Lite,HONOR HNANY-Q1,Honor,HNANY-Q1
Honor HONOR Magic6 Lite 5G,HONOR HNALI-Q,Honor,HNALI-Q
Honor HONOR X6a,HONOR HNWDY-M,Honor,HNWDY-M
Honor HONOR X6b,HONOR HNJDY-M1,Honor,HNJDY-M1
Honor HONOR X7,HONOR HNCMA-Q,Honor,HNCMA-Q
Honor HONOR X7a,HONOR HNRKY-M1,Honor,HNRKY-M1
Honor HONOR X7b,HONOR HNCLK-Q,Honor,HNCLK-Q
Honor HONOR X8,HONOR HNTFY-Q,Honor,HNTFY-Q
Honor HONOR X8a,HONOR HNCRT-M1,Honor,HNCRT-M1
Honor HONOR X8a 5G,HONOR HNRBN-Q,Honor,HNRBN-Q
Honor HONOR X8b,HONOR HNLLY-Q,Honor,HNLLY-Q
Honor HONOR X9,HONOR HNANY-Q1,Honor,HNANY-Q1
Honor HONOR X9 5G,HONOR HNANY-Q,Honor,HNANY-Q
Honor HONOR X9a 5G,HONOR HNRMO-Q,Honor,HNRMO-Q
IIIF150 B2,IIIF150 B2,IIIF150,B2
IIIF150 B2 Pro,IIIF150 B2_Pro,IIIF150,B2_Pro
IIIF150 B2 Ultra,IIIF150 B2_Ultra,IIIF150,B2_Ultra
IIIF150 Raptor LTD,IIIF150 Raptor,IIIF150,Raptor
Infinix GT 10 Pro,Infinix Infinix-X6739,Infinix,Infinix-X6739
Infinix GT 20 Pro,Infinix Infinix-X6871,Infinix,Infinix-X6871
Infinix HOT 30,Infinix Infinix-X6831,Infinix,Infinix-X6831
Infinix HOT 30 5G,Infinix Infinix-X6832,Infinix,Infinix-X6832
Infinix HOT 30 PLAY,Infinix Infinix-X6835,Infinix,Infinix-X6835
Infinix HOT 30 PLAY,Infinix Infinix-X6835B,Infinix,Infinix-X6835B
Infinix HOT 40,Infinix Infinix-X6836,Infinix,Infinix-X6836
Infinix HOT 40 Pro,Infinix Infinix-X6837,Infinix,Infinix-X6837
Infinix HOT 40i,Infinix Infinix-X6528,Infinix,Infinix-X6528
Infinix HOT 40i,Infinix Infinix-X6528B,Infinix,Infinix-X6528B
Infinix NOTE 12,Infinix Infinix-X670,Infinix,Infinix-X670
Infinix NOTE 12 Pro 5G,Infinix Infinix-X671B,Infinix,Infinix-X671B
Infinix NOTE 30,Infinix Infinix-X6716,Infinix,Infinix-X6716
Infinix NOTE 30,Infinix Infinix-X6716B,Infinix,Infinix-X6716B
Infinix NOTE 30,Infinix Infinix-X6833B,Infinix,Infinix-X6833B
Infinix NOTE 30 5G,Infinix Infinix-X6711,Infinix,Infinix-X6711
Infinix NOTE 30 Pro,Infinix Infinix-X678B,Infinix,Infinix-X678B
Infinix NOTE 30 VIP,Infinix Infinix-X6710,Infinix,Infinix-X6710
Infinix NOTE 40,Infinix Infinix-X6853,Infinix,Infinix-X6853
Infinix NOTE 40 Pro 5G,Infinix Infinix-X6851,Infinix,Infinix-X6851
Infinix NOTE 40 Pro+ 5G,Infinix Infinix-X6851B,Infinix,Infinix-X6851B
Infinix SMART 8 HD,Infinix Infinix-X6525,Infinix,Infinix-X6525
Infinix SMART 8 PRO,Infinix Infinix-X6525B,Infinix,Infinix-X6525B
Infinix ZERO 30,Infinix Infinix-X6731B,Infinix,Infinix-X6731B
Infinix ZERO 30 5G,Infinix Infinix-X6731,Infinix,Infinix-X6731
Infinix ZERO 5G 2023,Infinix Infinix-X6815C,Infinix,Infinix-X6815C
Infinix ZERO 5G 2023,Infinix Infinix-X6815D,Infinix,Infinix-X6815D
Itel A05s,Itel itel-A663L,Itel,itel-A663L
Itel A05s,Itel itel-A663LC,Itel,itel-A663LC
Itel A70,Itel itel-A665L,Itel,itel-A665L
Itel itel A50,Itel itel-A667L,Itel,itel-A667L
Itel itel A50,Itel itel-A667LP,Itel,itel-A667LP
Itel itel P40+,Itel itel-P683L,Itel,itel-P683L
Itel itel P55,Itel itel-A666LN,Itel,itel-A666LN
Itel itel P55,itel-A666L,Itel,itel-A666L
Itel itel P55 Bandhan,Itel itel-P661N,Itel,itel-P661N
Itel itel P55T,Itel itel-P665L,Itel,itel-P665L
Itel itel P55+,Itel itel-P663L,Itel,itel-P663L
Itel itel P55+,Itel itel-P663LN,Itel,itel-P663LN
Itel itel RS4,Itel itel-S666LN,Itel,itel-S666LN
Itel itel S23+,Itel itel-S681LN,Itel,itel-S681LN
Lava Blaze 2 5G,LAVA LXX507,Lava,LXX507
Lava BLAZE 5G,LAVA LXX503,Lava,LXX503
Lava Blaze Pro 5G,LAVA LXX506,Lava,LXX506
Lava LAVA AGNI 2 5G,LAVA LXX504,Lava,LXX504
Lava LAVA AGNI 5G,LAVA LXX501,Lava,LXX501
Lava Storm 5G,LAVA LXX508,Lava,LXX508
Lava YUVA 2 PRO,LAVA LZX408,Lava,LZX408
LGE LG V60 ThinQ,lge timelm,LGE,timelm
LGE LG WING,lge winglm,LGE,winglm
LGE VELVET,lge caymanlm,LGE,caymanlm
LGE VELVET,lge caymanlm,LGE,mcaymanlm
Mi 11 X,Mi aliothin,Mi,aliothin
Mobicell IX,Mobicel IX,Mobicell,IX
Mobicell IX PRO,Mobicel IX_PRO,Mobicell,IX_PRO
Mobicell IX-1,Mobicel IX-1,Mobicell,IX-1
Motorola moto e13,motorola sabahl,Motorola,sabahl
Motorola moto edge X30,motorola hiphic,Motorola,hiphic
Motorola moto g 5G (2022),motorola austin,Motorola,austin
Motorola moto g 5G - 2023,motorola pnangn,Motorola,pnangn
Motorola moto g 5G - 2024,motorola fogo,Motorola,fogo
Motorola moto g play - 2023,motorola maui,Motorola,maui
Motorola moto g play - 2024,motorola fogona,Motorola,fogona
Motorola moto g power 5G - 2023,motorola devonn,Motorola,devonn
Motorola moto g power 5G - 2024,motorola cancunn,Motorola,cancunn
Motorola moto g stylus 5G (2022),motorola milanf,Motorola,milanf
Motorola moto g stylus 5G - 2023,motorola genevn,Motorola,genevn
Motorola moto g stylus 5G - 2024,motorola boston,Motorola,boston
Motorola moto g stylus (2023),motorola gnevan,Motorola,gnevan
Motorola moto g04s,motorola lion,Motorola,lion
Motorola moto g13,motorola penangf,Motorola,penangf
Motorola moto g14,motorola cancun,Motorola,cancun
Motorola moto g24,motorola fogorow,Motorola,fogorow
Motorola moto g32,motorola devon,Motorola,devon
Motorola moto g34,motorola fogos,Motorola,fogos
Motorola moto g42,motorola hawao,Motorola,hawao
Motorola moto g52,motorola rhode,Motorola,rhode
Motorola moto g53y 5G,motorola penang,Motorola,penang
Motorola moto g54 5G,motorola cancunf,Motorola,cancunf
Motorola moto g62 5G,motorola rhodec,Motorola,rhodec
Motorola moto g62 5G,motorola rhodei,Motorola,rhodei
Motorola moto g72,motorola vicky,Motorola,vicky
Motorola moto g73 5G,motorola devonf,Motorola,devonf
Motorola moto g82 5G,motorola rhodep,Motorola,rhodep
Motorola moto g84 5G,motorola bangkk,Motorola,bangkk
Motorola moto g85 5G,motorola malmo,Motorola,malmo
Motorola moto g(60),motorola hanoip,Motorola,hanoip
Motorola motorola edge 20,motorola berlin,Motorola,berlin
Motorola motorola edge 20 lite,motorola kyoto,Motorola,kyoto
Motorola motorola edge 2023,motorola aion,Motorola,aion
Motorola motorola edge 2024,motorola avatrn,Motorola,avatrn
Motorola motorola edge 30,motorola dubai,Motorola,dubai
Motorola motorola edge 30 fusion,motorola tundra,Motorola,tundra
Motorola motorola edge 30 neo,motorola miami,Motorola,miami
Motorola motorola edge 30 ultra,motorola eqs,Motorola,eqs
Motorola motorola edge 40,motorola lyriq,Motorola,lyriq
Motorola motorola edge 40 neo,motorola manaus,Motorola,manaus
Motorola motorola edge 50,motorola tank,Motorola,tank
Motorola motorola edge 50 fusion,motorola cuscoi,Motorola,cuscoi
Motorola motorola edge plus 5G UW (2022),motorola hiphi,Motorola,hiphi
Motorola motorola edge s pro,motorola pstar,Motorola,pstar
Motorola motorola edge (2021),motorola berlna,Motorola,berlna
Motorola motorola edge (2022),motorola tesla,Motorola,tesla
Motorola motorola razr 2022,motorola oneli,Motorola,oneli
Motorola motorola razr 40,motorola lynkco,Motorola,lynkco
Motorola motorola razr plus 2023,motorola zeekr,Motorola,zeekr
Nokia C22,Nokia HKEA,Nokia,HKEA
Nokia C32,Nokia MKDA,Nokia,MKDA
Nokia G10,Nokia ROGA_sprout,Nokia,Nokia ROGA_sprout
Nokia G11 Plus,Nokia MGKA_sprout,Nokia,Nokia MGKA_sprout
Nokia G21,Nokia SCPA_sprout,Nokia,SCPA_sprout
Nokia G21,Nokia SCP_sprout,Nokia,SCP_sprout
Nokia G42 5G,Nokia SDW,Nokia,SDW
Nokia G50,Nokia PHR_sprout,Nokia,PHR_sprout
Nothing Phone 1,Nothing Spacewar,Nothing,Spacewar
Nothing Phone 2,Nothing Pong,Nothing,Pong
OnePlus 8,OnePlus OnePlus8,OnePlus,OnePlus8
OnePlus 8 5G,OnePlus OnePlus8TMO,OnePlus,OnePlus8TMO
OnePlus 8 Pro,OnePlus OnePlus8Pro,OnePlus,OnePlus8Pro
OnePlus 8T,OnePlus OnePlus8T,OnePlus,OnePlus8T
OnePlus 8T+ 5G,OnePlus OnePlus8TTMO,OnePlus,OnePlus8TTMO
OnePlus 9 5G,OnePlus OnePlus9,OnePlus,OnePlus9
OnePlus 9 5G,OnePlus OnePlus9TMO,OnePlus,OnePlus9TMO
OnePlus 9 Pro 5G,OnePlus OnePlus9Pro,OnePlus,OnePlus9Pro
OnePlus 9 Pro 5G,OnePlus OnePlus9ProTMO,OnePlus,OnePlus9ProTMO
OnePlus 9R,OnePlus OnePlus9R,OnePlus,OnePlus9R
OnePlus 9RT 5G,OnePlus OP5154L1,OnePlus,OP5154L1
OnePlus 9RT 5G,OnePlus OP5155L1,OnePlus,OP5155L1
OnePlus 10 Pro,OnePlus OP516EL1,OnePlus,OP516EL1
OnePlus 10 Pro 5G,OnePlus OP516FL1,OnePlus,OP516FL1
OnePlus 10R 5G,OnePlus OP5566L1,OnePlus,OP5566L1
OnePlus 10R 5G,OnePlus OP5567L1,OnePlus,OP5567L1
OnePlus 10T 5G,OnePlus OP5552L1,OnePlus,OP5552L1
OnePlus 11 5G 中国版,OnePlus OP591BL1,OnePlus,OP591BL1
OnePlus 11R 5G,OnePlus OP5961L1,OnePlus,OP5961L1
OnePlus 12,OnePlus OP5929L1,OnePlus,OP5929L1
OnePlus 12R,OnePlus OP5D35L1,OnePlus,OP5D35L1
OnePlus Ace,OnePlus OP5565,OnePlus,OP5565
OnePlus Ace 3,OnePlus OP5CF9L1,OnePlus,OP5CF9L1
OnePlus Ace 竞速版,OnePlus OP5911,OnePlus,OP5911
OnePlus Nord 2T 5G,OnePlus OP557AL1,OnePlus,OP557AL1
OnePlus Nord 3 5G,OnePlus OP556FL1,OnePlus,OP556FL1
OnePlus Nord CE 2,OnePlus OP555BL1,OnePlus,OP555BL1
OnePlus Nord CE 2 Lite 5G,OnePlus OP535DL1,OnePlus,OP535DL1
OnePlus Nord CE 3 5G,OnePlus OP5953L1,OnePlus,OP5953L1
OnePlus Nord CE 3 Lite 5G,OnePlus OP5958L1,OnePlus,OP5958L1
OnePlus Nord CE 5G,OnePlus OnePlusNordCE,OnePlus,OnePlusNordCE
OnePlus Nord CE4,OnePlus OP5D3FL1,OnePlus,OP5D3FL1
OnePlus Nord N30 5G,OnePlus OP5958L1,OnePlus,OP5958L1
OnePlus Nord N30 SE 5G,OnePlus OP5955L1,OnePlus,OP5955L1
OnePlus Nord N300 5G,OnePlus OP5547L1,OnePlus,OP5547L1
OnePlus Nord2 5G,OnePlus OP515BL1,OnePlus,OP515BL1
OnePlus Oneplus Nord CE4 Lite 5G,OnePlus OP5D49L1,OnePlus,OP5D49L1
OnePlus Open,OnePlus OP5973L1,OnePlus,OP5973L1
Oppo A18,OPPO OP575DL1,Oppo,OP575DL1
Oppo A38,OPPO OP5759L1,Oppo,OP5759L1
Oppo A54 5G,OPPO OP4F39L1,Oppo,OP4F39L1
Oppo A57,OPPO OP5355,Oppo,OP5355
Oppo A58,OPPO OP574FL1,Oppo,OP574FL1
Oppo A59 5G,OPPO OP5AD5L1,Oppo,OP5AD5L1
Oppo A76,OPPO OP5312L1,Oppo,OP5312L1
Oppo A78,OPPO OP5745L1,Oppo,OP5745L1
Oppo A78 5G,OPPO OP52F3L1,Oppo,OP52F3L1
Oppo A79 5G,OPPO OP573DL1,Oppo,OP573DL1
Oppo A98 5G,OPPO OP56E8L1,Oppo,OP56E8L1
Oppo CPH2145,OPPO OP4F1BL1,Oppo,OP4F1BL1
Oppo CPH2207,OPPO OP4F0BL1,Oppo,OP4F0BL1
Oppo CPH2211,OPPO OP4F4DL1,Oppo,OP4F4DL1
Oppo CPH2235,OPPO OP4F25L1,Oppo,OP4F25L1
Oppo CPH2249,OPPO OP4F81L1,Oppo,OP4F81L1
Oppo CPH2251,OPPO OP4F83L1,Oppo,OP4F83L1
Oppo CPH2293,OPPO OP52E1L1,Oppo,OP52E1L1
Oppo CPH2325,OPPO OP5303,Oppo,OP5303
Oppo CPH2333,OPPO OP530DL1,Oppo,OP530DL1
Oppo CPH2365,OPPO OP4F11L1,Oppo,OP4F11L1
Oppo CPH2373,OPPO OP530DL1,Oppo,OP530DL1
Oppo CPH2385,OPPO OP571DL1,Oppo,OP571DL1
Oppo CPH2387,OPPO OP571F,Oppo,OP571F
Oppo CPH2457,OPPO OP56E1L1,Oppo,OP56E1L1
Oppo CPH2473,OPPO OP5637L1,Oppo,OP5637L1
Oppo CPH2527,OPPO OP56E7L1,Oppo,OP56E7L1
Oppo Find X2,OPPO OP4BA1L1,Oppo,OP4BA1L1
Oppo Find X2 Pro,OPPO OP4BA2L1,Oppo,OP4BA2L1
Oppo Find X2 中国版,OPPO OP4A77,Oppo,OP4A77
Oppo Find X2 Pro 中国版,OPPO OP4A7A,Oppo,OP4A7A
Oppo Find X3 Pro,OPPO OP4F57L1,Oppo,OP4F57L1
Oppo Find X3 Pro 中国版,OPPO OP4E3F,Oppo,OP4E3F
Oppo Find X3 中国版,OPPO OP4E5D,Oppo,OP4E5D
Oppo Find X5,OPPO OP52D5L1,Oppo,OP52D5L1
Oppo Find X5 Pro,OPPO OP52D1L1,Oppo,OP52D1L1
Oppo OPPO A1 5G,OPPO OP561D,Oppo,OP561D
Oppo OPPO A57s,OPPO OP5353L1,Oppo,OP5353L1
Oppo OPPO Reno5 pro,OPPO OP4F1FL1,Oppo,OP4F1FL1
Oppo OPPO Reno5 Pro+ 5G,OPPO OP4EA7,Oppo,OP4EA7
Oppo OPPO Reno6 Z 5G,OPPO OP4FA7L1,Oppo,OP4FA7L1
Oppo OPPO Reno7,OPPO OP533FL1,Oppo,OP533FL1
Oppo OPPO Reno7 5G,OPPO OPD4A1L1,Oppo,OPD4A1L1
Oppo OPPO Reno7 Z 5G,OPPO OP532FL1,Oppo,OP532FL1
Oppo OPPO Reno7 Z 5G/F21 Pro 5G/Reno8 Lite 5G,OPPO OP532FL1,Oppo,OP532FL1
Oppo OPPO Reno8 5G,OPPO OP5339L1,Oppo,OP5339L1
Oppo OPPO Reno8 Pro 5G,OPPO OP5335L1,Oppo,OP5335L1
Oppo OPPO Reno8 T,OPPO OP5709L1,Oppo,OP5709L1
Oppo OPPO Reno9 Pro 5G,OPPO OP5601,Oppo,OP5601
Oppo OPPO Reno10 5G,OPPO OP5655,Oppo,OP5655
Oppo OPPO Reno10 Pro 5G,OPPO OP561F,Oppo,OP561F
Oppo OPPO Reno10 Pro+ 5G,OPPO OP564B,Oppo,OP564B
Oppo PFZM10,OPPO OP5281,Oppo,OP5281
Oppo Reno5 Lite,OPPO OP4F43L1,Oppo,OP4F43L1
Oppo Reno6 Pro+ 5G,OPPO OP4EC1,Oppo,OP4EC1
Oppo Reno7 中国版,OPPO OP5227,Oppo,OP5227
Oppo Reno8 T 5G,OPPO OP56EDL1,Oppo,OP56EDL1
Oppo Reno9 A,OPPO OP5701L1,Oppo,OP5701L1
Oppo Reno10 5G,OPPO OP5705L1,Oppo,OP5ABFL1
Oppo Reno10 Pro 5G,OPPO OP56DBL1,Oppo,OP56DBL1
Oppo Reno10 Pro+ 5G,OPPO OP56D3L1,Oppo,OP56D3L1
Oppo Reno11 F 5G,OPPO OP5A0BL1,Oppo,OP5A0BL1
Oukitel P07_EEA,OUKITEL P07,Oukitel,P07
PCD Argentina P63L,PCD P63L,PCD,P63L
PCD Argentina P63L,PCD P63L_PR,PCD,P63L_PR
POCO C51,POCO water,POCO,water
POCO C55,POCO earth,POCO,earth
POCO C65,POCO gust,POCO,gust
POCO F3,POCO alioth,POCO,alioth
POCO F3 GT,POCO aresin,POCO,aresin
POCO F4,POCO munch,POCO,munch
POCO F4 GT,POCO ingres,POCO,ingres
POCO F5,POCO marble,POCO,marble
POCO F5 Pro 5G,POCO mondrian,POCO,mondrian
POCO F6,POCO peridot,POCO,peridot
POCO M3 Pro 5G,POCO camellia,POCO,camellia
POCO M3 Pro 5G,POCO camellian,POCO,camellian
POCO M4 5G,POCO light,POCO,light
POCO M4 5G,POCO thunder,POCO,thunder
POCO M4 Pro,POCO fleur,POCO,fleur
POCO M4 Pro,POCO miel,POCO,miel
POCO M4 Pro 5G,POCO evergo,POCO,evergo
POCO M4 Pro 5G,POCO evergreen,POCO,evergreen
POCO M5,POCO rock,POCO,rock
POCO M5,POCO stone,POCO,stone
POCO M5s,POCO rosemary,POCO,rosemary
POCO M6 Plus 5G,POCO breeze,POCO,breeze
POCO M6 Pro,POCO emerald,POCO,emerald
POCO M6 Pro 5G,POCO sky,POCO,sky
POCO X2,POCO phoenixin,POCO,phoenixin
POCO X3 Pro,POCO bhima,POCO,bhima
POCO X3 Pro,POCO vayu,POCO,vayu
POCO X4 GT,POCO xaga,POCO,xaga
POCO X4 Pro 5G,POCO peux,POCO,peux
POCO X4 Pro 5G,POCO veux,POCO,veux
POCO X5 5G,POCO moonstone,POCO,moonstone
POCO X5 Pro,POCO redwood,POCO,redwood
POCO X5 Pro 5G,POCO redwood,POCO,redwood
POCO X5 Pro 5G,POCO redwoodin,POCO,redwoodin
POCO X6 5G,POCO garnet,POCO,garnet
Quantum Q03,Quantum Q03,Quantum,Q03
realme 8,realme RMX3085L1,realme,RMX3085L1
realme 8 Pro,realme RMX3081L1,realme,RMX3081L1
realme 8i,realme RE54B4L1,realme,RE54B4L1
realme 8s 5G,realme RE58A0L1,realme,RE58A0L1
realme 9,realme RE54E2L1,realme,RE54E2L1
realme 9 5G,realme RE54CBL1,realme,RE54CBL1
realme 9 5G,realme RE54F3L1,realme,RE54F3L1
realme 9 Pro+,realme RE879EL1,realme,RE879EL1
realme 9i,realme RED8C1L1,realme,RED8C1L1
realme 9i 5G,realme RE588DL1,realme,RE588DL1
realme 9Pro 5G,realme RE54CBL1,realme,RE54CBL1
realme 10,realme RE8DDCL1,realme,RE8DDCL1
realme 10 Pro,realme RE5849,realme,RE5849
realme 10 Pro 5G,realme RE588BL1,realme,RE588BL1
realme 10 Pro 5G,realme RE58B8L1,realme,RE58B8L1
realme 10 Pro+,realme RE5854,realme,RE5854
realme 10 Pro+ 5G,realme RE58A5L1,realme,RE58A5L1
realme 10 Pro+ 5G,realme RE58A6L1,realme,RE58A6L1
realme 11,realme RE5852,realme,RE5852
realme 11,realme RE5C7CL1,realme,RE5C7CL1
realme 11 Pro+,realme RE5865,realme,RE5865
realme 11 Pro+ 5G,realme RE58B6L1,realme,RE58B6L1
realme 11x 5G,realme RE5C6CL1,realme,RE5C6CL1
realme 12 Pro 5G,realme RE5C84L1,realme,RE5C84L1
realme 12 Pro+ 5G,realme RE5C82L1,realme,RE5C82L1
realme 12x 5G,realme RE5C9AL1,realme,RE5C9AL1
realme 12+ 5G,realme RE5C86L1,realme,RE5C86L1
realme 13 Pro 5G,realme RE5CA3L1,realme,RE5CA3L1
realme C25,realme RMX3191,realme,RMX3191
realme C25,realme RMX3193,realme,RMX3193
realme C25s,realme RMX3195,realme,RMX3195
realme C25s,realme RMX3197,realme,RMX3197
realme C31,realme RE549C,realme,RE549C
realme C33,realme RE5894,realme,RE5894
realme C33,realme RE58AF,realme,RE58AF
realme C35,realme RE87BAL1,realme,RE87BAL1
realme C51,realme RE58BC,realme,RE58BC
realme C53,realme RE58C2,realme,RE58C2
realme C53,realme RE58C2,realme,RE58CE
realme C55,realme REE2ADL1,realme,REE2ADL1
realme C61,realme RE6054,realme,RE6054
realme C67,realme RE5C91L1,realme,RE5C91L1
realme GT 2 Pro,realme RED8ACL1,realme,RED8ACL1
realme GT Master Edition,realme RE507C,realme,RE507C
realme GT Master Edition,realme RE54ABL1,realme,RE54ABL1
realme GT NEO 3 150W,realme RED8BEL1,realme,RED8BEL1
realme GT NEO 3T,realme RE54E4L1,realme,RE54E4L1
realme GT Neo 5 SE,realme RE585F,realme,RE585F
realme GT Neo 5 SE,realme RE58D1L1,realme,RE58D1L1
realme GT3 240W,realme REE2B2L1,realme,REE2B2L1
realme narzo 30 5G,realme RE513CL1,realme,RE513CL1
realme narzo 50,realme RE54B4L1,realme,RE54B4L1
realme narzo 50 5G,realme RED8CDL1,realme,RED8CDL1
realme narzo 50 Pro 5G,realme RE879EL1,realme,RE879EL1
realme narzo 50A,realme RED8AF,realme,RED8AF
realme narzo 50A Prime,realme RE54D8L1,realme,RE54D8L1
realme narzo 60 5G,realme RE58B1L1,realme,RE58B1L1
realme NARZO 70 Pro 5G,realme RE5C86L1,realme,RE5C86L1
realme narzo N53,realme RE58C6,realme,RE58C6
realme realme 9 5G Speed Edition,realme RE54BFL1,realme,RE54BFL1
Realme realme GT 5G,realme RMX2202L1,realme,RMX2202L1
Realme realme GT Master Edition,realme RE54ABL1,Realme,RE54ABL1
Realme realme GT Neo 2,realme RE5473,realme,RE5473
Realme realme GT Neo2 5G,realme RE879AL1,Realme,RE879AL1
realme realmeGT Neo5,realme RE5860,realme,RE5860
realme realmeGT Neo5 240W,realme RE5860,realme,RE5860
realme RMX3710,realme REE2ADL1,realme,REE2ADL1
realme RMX3834,realme RE5C9F,realme,RE5C9F
realme RMX3998,realme RE5C94L1,realme,RE5C94L1
realme X7 Max,realme RMX3031L1,realme,RMX3031L1
realme 真我11 Pro,realme RE5869,realme,RE5869
Realme 真我GT,realme RMX2202CN,realme,RMX2202CN
realme 真我GT 2,realme RE5471,realme,RE5471
realme 真我GT 2,realme RE58B2L1,realme,RE58B2L1
realme 真我GT Neo,realme RMX3031CN,realme,RMX3031CN
Realme 真我GT Neo2T,realme RE5469,realme,RE5469
realme 真我 GT NEO 3 150W,realme RE5489,realme,RE5489
Redmi 9T,Redmi lime,Redmi,lime
Redmi 10 2022,Redmi eos,Redmi,eos
Redmi 10 2022,Redmi selene,Redmi,selene
Redmi 10 5G,Redmi thunder,Redmi,thunder
Redmi 10C,Redmi fog,Redmi,fog
Redmi 10C,Redmi rain,Redmi,rain
Redmi 10C,Redmi wind,Redmi,wind
Redmi 11 Prime,Redmi rock,Redmi,rock
Redmi 11 Prime 5G,Redmi light,Redmi,light
Redmi 12,Redmi fire,Redmi,fire
Redmi 12,Redmi heat,Redmi,heat
Redmi 12 5G,Redmi river,Redmi,river
Redmi 12 5G,Redmi sky,Redmi,sky
Redmi 12 5G,Redmi XIG03,Redmi,XIG03
Redmi 12C,Redmi aether,Redmi,aether
Redmi 12C,Redmi earth,Redmi,earth
Redmi 13C,Redmi gale,Redmi,gale
Redmi 13C,Redmi gust,Redmi,gust
Redmi 13C 5G,Redmi air,Redmi,air
Redmi 14C,Redmi lake,Redmi,lake
Redmi 14C,Redmi pond,Redmi,pond
Redmi A2,Redmi cloud,Redmi,cloud
Redmi A2+,Redmi water,Redmi,water
Redmi K40,Redmi alioth,Redmi,alioth
Redmi K40 Gaming,Redmi ares,Redmi,ares
Redmi K40 Pro,Redmi haydn,Redmi,haydn
Redmi K40S,Redmi munch,Redmi,munch
Redmi K50,Redmi rubens,Redmi,rubens
Redmi K50G,Redmi ingres,Redmi,ingres
Redmi K50i,Redmi xagain,Redmi,xagain
Redmi K60,Redmi mondrian,Redmi,mondrian
Redmi K60E,Redmi rembrandt,Redmi,rembrandt
Redmi Note 8,Redmi biloba,Redmi,biloba
Redmi Note 8,xiaomi ginkgo,Redmi,ginkgo
Redmi Note 9,Redmi merlin,Redmi,merlin
Redmi Note 9,Redmi merlinnfc,Redmi,merlinnfc
Redmi Note 9 Pro,Redmi joyeuse,Redmi,joyeuse
Redmi Note 10,Redmi sunny,Redmi,sunny
Redmi Note 10 5G,Redmi camellian,Redmi,camellian
Redmi Note 10 JE,Redmi XIG02,Redmi,XIG02
Redmi Note 10 Lite,Redmi curtana,Redmi,curtana
Redmi Note 10 Pro,POCO chopin,Redmi,chopin
Redmi Note 10 Pro,Redmi chopin,Redmi,chopin
Redmi Note 10 Pro,Redmi sweet,Redmi,sweet
Redmi Note 10 Pro,Redmi sweetin,Redmi,sweetin
Redmi Note 10S,Redmi maltose,Redmi,maltose
Redmi Note 10S,Redmi rosemary,Redmi,rosemary
Redmi Note 10S,Redmi secret,Redmi,secret
Redmi Note 10T 5G,Redmi camellia,Redmi,camellia
Redmi Note 11,Redmi spes,Redmi,spes
Redmi Note 11,Redmi spesn,Redmi,spesn
Redmi Note 11 Pro,Redmi pissarro,Redmi,pissarro
Redmi Note 11 Pro,Redmi vida,Redmi,vida
Redmi Note 11 Pro,Redmi viva,Redmi,viva
Redmi Note 11 Pro 5G,Redmi veux,Redmi,veux
Redmi Note 11 Pro+ 5G,Redmi peux,Redmi,peux
Redmi Note 11 Pro+ 5G,Redmi pissarropro,Redmi,pissarropro
Redmi Note 11 SE,Redmi secret,Redmi,secret
Redmi Note 11S,Redmi fleur,Redmi,fleur
Redmi Note 11S,Redmi miel,Redmi,miel
Redmi Note 11S 5G,Redmi opal,Redmi,opal
Redmi Note 11T 5G,Redmi evergo,Redmi,evergo
Redmi Note 11T Pro,Redmi xaga,Redmi,xaga
Redmi Note 11T Pro +,Redmi xagapro,Redmi,xagapro
Redmi Note 12,Redmi tapas,Redmi,tapas
Redmi Note 12,Redmi topaz,Redmi,topaz
Redmi Note 12 5G,Redmi sunstone,Redmi,sunstone
Redmi Note 12 DISCOVERY EDITION,Redmi rubyplus,Redmi,rubyplus
Redmi Note 12 Pro 5G,Redmi ruby,Redmi,ruby
Redmi Note 12 Pro+ 5G,Redmi rubypro,Redmi,rubypro
Redmi Note 12 Turbo,Redmi marble,Redmi,marble
Redmi Note 12S,Redmi ocean,Redmi,ocean
Redmi Note 12S,Redmi sea,Redmi,sea
Redmi Note 12T Pro,Redmi pearl,Redmi,pearl
Redmi Note 13,Redmi sapphire,Redmi,sapphire
Redmi Note 13,Redmi sapphiren,Redmi,sapphiren
Redmi Note 13 5G,Redmi gold,Redmi,gold
Redmi Note 13 5G,Redmi iron,Redmi,iron
Redmi Note 13 Pro,Redmi emerald,Redmi,emerald
Redmi Note 13 Pro 5G,Redmi garnet,Redmi,garnet
Redmi Note 13R,Redmi breeze,Redmi,breeze
Redmi Pad Pro,Redmi dizi,Redmi,dizi
Redmi Pad Pro 5G,Redmi ruan,Redmi,ruan
Redmi POCO F5,POCO marblein,POCO,marblein
Redmi POCO F5,POCO marblein,Redmi,marblein
Redmi Turbo 3,Redmi peridot,Redmi,peridot
Reeder S19 Max 32GB,Reeder S19_Max_32GB,Reeder,S19_Max_32GB
Reeder S19 Max 64GB,Reeder S19_Max_64GB,Reeder,S19_Max_64GB
Reeder S19 MaxL 128GB,reeder S19_MaxL_128GB,Reeder,S19_MaxL_128GB
Samsung Galaxy A03 Core,samsung a3core,Samsung,a3core
Samsung Galaxy F04,samsung m04,Samsung,m04
Sharp AQUOS R6,DOCOMO SH-51B,Sharp,SH-51B
Sharp AQUOS R6,SG Judau,Sharp,Judau
Sharp AQUOS R6,SHARP Judau,Sharp,Judau
Sharp Leitz Phone1,SG JudauL,Sharp,JudauL
Sky Devices SKY PAD8PRO,SKY_Devices SKY_PAD8PROUSON,Sky Devices,SKY_PAD8PROUSON
Sony Xperia 1 III,KDDI SOG03,Sony,SOG03
Sony Xperia 1 III,Sony XQ-BC52,Sony,XQ-BC52
Sony Xperia 1 III,Sony XQ-BC62,Sony,XQ-BC62
Sony Xperia 1 III,Sony XQ-BC72,Sony,XQ-BC72
Sony Xperia 1 IV,Sony XQ-CT54,Sony,XQ-CT54
Sony Xperia 1 IV,Sony XQ-CT72,Sony,XQ-CT72
Sony Xperia 1 V,Sony XQ-DQ54,Sony,XQ-DQ54
Sony Xperia 1 V,Sony XQ-DQ62,Sony,XQ-DQ62
Sony Xperia 1 V,Sony XQ-DQ72,Sony,XQ-DQ72
Sony Xperia 1 VI,Sony XQ-EC44,Sony,XQ-EC44
Sony Xperia 10 III,Sony XQ-BT52,Sony,XQ-BT52
Sony Xperia 10 IV,Sony XQ-CC54,Sony,XQ-CC54
Sony Xperia 10 V,Sony XQ-DC54,Sony,XQ-DC54
Sony Xperia 10 V,Sony XQ-DC72,Sony,XQ-DC72
Sony Xperia 10 VI,Sony XQ-ES54,Sony,XQ-ES54
Sony Xperia 5 III,docomo SO-53B,Sony,SO-53B
Sony Xperia 5 III,KDDI SOG05,Sony,SOG05
Sony Xperia 5 IV,Sony XQ-CQ54,Sony,XQ-CQ54
Sony Xperia 5 IV,Sony XQ-CQ62,Sony,XQ-CQ62
Sony Xperia 5 V,Sony XQ-DE54,Sony,XQ-DE54
TCL 50 XL 5G,TCL Goldfinch_TMO,TCL,Goldfinch_TMO
T-Mobile REVVL 6,T-Mobile Bethpage,T-Mobile,Bethpage
T-Mobile REVVL 6 Pro,T-Mobile Augusta,T-Mobile,Augusta
Tecno CAMON 19,TECNO TECNO-CI6,Tecno,TECNO-CI6
Tecno CAMON 19,TECNO TECNO-CI6n,Tecno,TECNO-CI6n
Tecno CAMON 19 Neo,TECNO TECNO-CH6i,Tecno,TECNO-CH6i
Tecno CAMON 20 Pro,TECNO TECNO-CK7n,Tecno,TECNO-CK7n
Tecno CAMON 20 Pro 5G,TECNO TECNO-CK8n,Tecno,TECNO-CK8n
Tecno PHANTOM V Flip 5G,TECNO TECNO-AD11,Tecno,TECNO-AD11
Tecno POVA 5,TECNO TECNO-LH7n,Tecno,TECNO-LH7n
Tecno POVA 5 Pro 5G,TECNO TECNO-LH8n,Tecno,TECNO-LH8n
Tecno SPARK 10 5G,TECNO TECNO-KI8,Tecno,TECNO-KI8
Tecno SPARK Go 2024,TECNO TECNO-BG6,Tecno,TECNO-BG6
Tecno TECNO CAMON 20,TECNO TECNO-CK6,Tecno,TECNO-CK6
Tecno TECNO CAMON 20,TECNO TECNO-CK6n,Tecno,TECNO-CK6n
Tecno TECNO CAMON 20,TECNO TECNO-CK6ns,Tecno,TECNO-CK6ns
Tecno TECNO CAMON 20 Pro,TECNO TECNO-CK6n,Tecno,TECNO-CK6n
Tecno TECNO CAMON 20s Pro 5G,TECNO TECNO-CK8nB,Tecno,TECNO-CK8nB
Tecno TECNO CAMON 30,TECNO TECNO-CL6,Tecno,TECNO-CL6
Tecno TECNO CAMON 30,TECNO TECNO-CL6k,Tecno,TECNO-CL6k
Tecno TECNO CAMON 30,TECNO TECNO-CL6s,Tecno,TECNO-CL6s
Tecno TECNO CAMON 30 5G,TECNO TECNO-CL7,Tecno,TECNO-CL7
Tecno TECNO CAMON 30 5G,TECNO TECNO-CL7k,Tecno,TECNO-CL7k
Tecno TECNO CAMON 30 5G,TECNO TECNO-CL7s,Tecno,TECNO-CL7s
Tecno TECNO CAMON 30 Pro 5G,TECNO TECNO-CL8,Tecno,TECNO-CL8
Tecno TECNO PHANTOM V Fold,TECNO TECNO-AD10,Tecno,TECNO-AD10
Tecno TECNO POP 8,TECNO TECNO-BG6i,Tecno,TECNO-BG6i
Tecno TECNO POVA 6,TECNO TECNO-LI7,Tecno,TECNO-LI7
Tecno TECNO POVA 6 Pro 5G,TECNO TECNO-LI9,Tecno,TECNO-LI9
Tecno TECNO POVA Neo 3,TECNO TECNO-LH6n,Tecno,TECNO-LH6n
Tecno TECNO SPARK 10,TECNO TECNO-KI5n,Tecno,TECNO-KI5n
Tecno TECNO SPARK 10,TECNO TECNO-KI5q,Tecno,TECNO-KI5q
Tecno TECNO SPARK 10,TECNO TECNO-KI5qs,Tecno,TECNO-KI5qs
Tecno TECNO SPARK 10 Pro,TECNO TECNO-KI7,Tecno,TECNO-KI7
Tecno TECNO SPARK 10 Pro,TECNO TECNO-KI7s,Tecno,TECNO-KI7s
Tecno TECNO SPARK 20,TECNO TECNO-KJ5,Tecno,TECNO-KJ5
Tecno TECNO SPARK 20,TECNO TECNO-KJ5n,Tecno,TECNO-KJ5n
Tecno TECNO SPARK 20,TECNO TECNO-KJ5s,Tecno,TECNO-KJ5s
Tecno TECNO SPARK 20 Pro,TECNO TECNO-KJ6,Tecno,TECNO-KJ6
Tecno TECNO SPARK 20 Pro+,TECNO TECNO-KJ7,Tecno,TECNO-KJ7
Tecno TECNO SPARK 20 Pro+,TECNO TECNO-KJ7s,Tecno,TECNO-KJ7s
Tecno TECNO SPARK 20C,TECNO TECNO-BG7,Tecno,TECNO-BG7
Tecno TECNO SPARK 20C,TECNO TECNO-BG7n,Tecno,TECNO-BG7n
Tecno TECNO SPARK Go 1,TECNO TECNO-KL4,Tecno,TECNO-KL4
Tecno TECNO SPARK Go 2024,TECNO TECNO-BG6m,Tecno,TECNO-BG6m
Tecno TECNO SPARK Go 2024,TECNO TECNO-BG6s,Tecno,TECNO-BG6s
Tecno Mobile POVA 5 Pro 5G,TECNO-Mobile TECNO-Mobile-LH8n,Tecno Mobile,TECNO-Mobile-LH8n
Tecno Mobile SPARK Go 2024,TECNO-Mobile TECNO-Mobile-BG6,Tecno Mobile,TECNO-Mobile-BG6
Tecno Mobile TECNO Mobile SPARK 20,TECNO-Mobile TECNO-Mobile-KJ5n,Tecno Mobile,TECNO-Mobile-KJ5n
Tecno Mobile TECNO Mobile SPARK 20 Pro+,TECNO-Mobile TECNO-Mobile-KJ7,Tecno Mobile,TECNO-Mobile-KJ7
Tecno Mobile TECNO Mobile SPARK 20C,TECNO-Mobile TECNO-Mobile-BG7n,Tecno Mobile,TECNO-Mobile-BG7n
Tecno Mobile TECNO SPARK 10,TECNO-Mobile TECNO-Mobile-KI5q,Tecno Mobile,TECNO-Mobile-KI5q
Tecno POP 8,TECNO TECNO-BG6h,Tecno,TECNO-BG6h
Ulefone Armor 25T Pro,Ulefone GQ5007AF2,Ulefone,GQ5007AF2
Ulefone Armor X12,Ulefone Armor_X12,Ulefone,Armor_X12
Ulefone Armor X12 Pro,Ulefone Armor_X12_Pro,Ulefone,Armor_X12_Pro
Ulefone Armor_X13,Ulefone Armor_X13,Ulefone,Armor_X13
Ulefone Note 14,Ulefone Note_14,Ulefone,Note_14
Ulefone Note 16 Pro,Ulefone GQ3106,Ulefone,GQ3106
Ulefone Note 16 Pro,Ulefone Note_16_Pro,Ulefone,Note_16_Pro
Ulefone Power Armor 16S,Ulefone Power_Armor_16S,Ulefone,Power_Armor_16S
Ulefone Power Armor X11,Ulefone Power_Armor_X11,Ulefone,Power_Armor_X11
Umidigi G1 Plus EEA,UMIDIGI G1_Plus,Umidigi,G1_Plus
Umidigi G2 EEA,UMIDIGI UMIDIGI_G2,Umidigi,UMIDIGI_G2
Umidigi G3 EEA,UMIDIGI UMIDIGI_G3,Umidigi,UMIDIGI_G3
Umidigi G3 Plus EEA,UMIDIGI G3_Plus,Umidigi,G3_Plus
Umidigi UMIDIGI G3 Max EEA,UMIDIGI G3_Max,Umidigi,G3_Max
Unihertz Jelly Star,Unihertz Jelly_Star,Unihertz,Jelly_Star
Vivo I2009,iQOO 2009,Vivo,2009
Vivo I2011,iQOO 2011,Vivo,2011
Vivo I2012,iQOO 2012,Vivo,2012
Vivo I2017,iQOO 2017,Vivo,2017
Vivo I2127,iQOO I2127,Vivo,I2127
Vivo I2202,iQOO I2202,Vivo,I2202
Vivo I2219,iQOO I2219,Vivo,I2219
Vivo iQOO 9 Pro,iQOO 2022,Vivo,2022
Vivo iQOO 9 SE,iQOO 2019,Vivo,2019
Vivo iQOO 9T,iQOO I2201,Vivo,I2201
Vivo iQOO Neo5S,vivo PD2154,Vivo,PD2154
Vivo iQOO Neo6,vivo PD2196,Vivo,PD2196
Vivo iQOO Neo6 SE,vivo PD2199,Vivo,PD2199
Vivo iQOO Neo7,iQOO I2214,Vivo,I2214
Vivo iQOO Neo7,vivo PD2231,Vivo,PD2231
Vivo iQOO Neo7 Pro,iQOO I2217,Vivo,I2217
Vivo iQOO Neo7 SE,vivo PD2238,Vivo,PD2238
Vivo iQOO Neo7 竞速版,vivo PD2232,Vivo,PD2232
Vivo iQOO Neo8,vivo PD2301,Vivo,PD2301
Vivo iQOO Neo9,vivo PD2338,Vivo,PD2338
Vivo iQOO Z5,iQOO 2018,Vivo,2018
Vivo iQOO Z5 6000mAh,vivo PD2188,Vivo,PD2188
Vivo iQOO Z6,iQOO I2203,Vivo,I2203
Vivo iQOO Z6 Lite 5G,iQOO I2208,Vivo,I2208
Vivo iQOO Z6 Pro,iQOO I2126,Vivo,I2126
Vivo iQOO Z7,vivo PD2270,Vivo,PD2270
Vivo iQOO Z7 5G,iQOO I2207,Vivo,I2207
Vivo iQOO Z7 5G,iQOO I2213,Vivo,I2213
Vivo iQOO Z7s 5G,iQOO I2223,Vivo,I2223
Vivo iQOO Z7x 5G,iQOO I2216,Vivo,I2216
Vivo iQOO Z7x (m),vivo PD2272,Vivo,PD2272
Vivo T1,vivo V2154,Vivo,V2154
Vivo T1 Pro 5G,vivo V2151,Vivo,V2151
Vivo T2,vivo V2237,Vivo,V2237
Vivo T2 5G,vivo V2222,Vivo,V2222
Vivo T2x 5G,vivo V2225,Vivo,V2225
Vivo T3 Lite 5G,vivo V2346,Vivo,V2346
Vivo V2025,vivo 2025,Vivo,2025
Vivo V2036_21,vivo 2036,Vivo,2036
Vivo V2038,vivo 2037,Vivo,2037
Vivo V2040,vivo 2040,Vivo,2040
Vivo V2041,vivo 2041,Vivo,2041
Vivo V2045,vivo 2045,Vivo,2045
Vivo V2046,vivo 2046,Vivo,2046
Vivo V2050,vivo 2050,Vivo,2050
Vivo V2053,vivo 2041,Vivo,2041
Vivo V2055,vivo 2055,Vivo,2055
Vivo V2058,vivo 2058,Vivo,2058
Vivo V2059,vivo 2059,Vivo,2059
Vivo V2060,vivo 2060,Vivo,2060
Vivo V2066,vivo 2050,Vivo,2050
Vivo V2105,vivo 2105,Vivo,2105
Vivo V2109,vivo 2109,Vivo,2109
Vivo V2115,vivo 2116,Vivo,2116
Vivo V2116,vivo 2116,Vivo,2116
Vivo V2117,vivo 2116,Vivo,2116
Vivo V2124,vivo 2124,Vivo,2124
Vivo V2126,vivo 2126,Vivo,2126
Vivo V2127,vivo 2127,Vivo,2127
Vivo V2130,vivo 2130,Vivo,2130
Vivo V2130A,vivo PD2130,Vivo,PD2130
Vivo V2132,vivo 2132,Vivo,2132
Vivo V2140,vivo 2131,Vivo,2131
Vivo V2141,vivo 2141,Vivo,2141
Vivo V2141A,vivo PD2141,Vivo,PD2141
Vivo V2143,vivo 2135,Vivo,2135
Vivo V2152,vivo 2110,Vivo,2110
Vivo V2251,vivo 2251,Vivo,2251
Vivo V2338,vivo V2338,Vivo,V2338
Vivo V25,vivo V2202,Vivo,V2202
Vivo V25 Pro,vivo V2158,Vivo,V2158
Vivo V25e,vivo V2201,Vivo,V2201
Vivo V25e,vivo V2237,Vivo,V2237
Vivo V27 Pro,vivo V2230,Vivo,V2230
Vivo V27e,vivo V2237,Vivo,V2237
Vivo V29,vivo V2250,Vivo,V2250
Vivo V29 Lite 5G,vivo V2244,Vivo,V2244
Vivo V29 Pro,vivo V2251,Vivo,V2251
Vivo V29e,vivo V2303,Vivo,V2303
Vivo V30 Lite,vivo V2317,Vivo,V2317
Vivo V30 Lite,vivo V2342,Vivo,V2342
Vivo V30 Lite 5G,vivo V2327,Vivo,V2327
Vivo V30 Pro,vivo V2319,Vivo,V2319
Vivo vivo 2018,vivo 2018,Vivo,2018
Vivo vivo Y22,vivo V2207,Vivo,V2207
Vivo X80,vivo V2144,Vivo,PD2183
Vivo X80 Pro,vivo V2145,Vivo,V2145
Vivo Y02t,vivo V2254,Vivo,V2254
Vivo Y03t,vivo V2344,Vivo,V2344
Vivo Y100,vivo V2239,Vivo,V2239
Vivo Y17s,vivo V2310,Vivo,V2310
Vivo Y18,vivo V2333,Vivo,V2333
Vivo Y18i,vivo V2344,Vivo,V2344
Vivo Y18s,vivo V2344,Vivo,V2344
Vivo Y200 5G,vivo V2307,Vivo,V2307
Vivo Y27,vivo V2249,Vivo,V2249
Vivo Y27s,vivo V2247,Vivo,V2247
Vivo Y28e 5G,vivo V2346,Vivo,V2346
Vivo Y28s 5G,vivo V2346,Vivo,V2346
Vivo Y33t,vivo PD2317,Vivo,PD2317
Vivo Y35,vivo V2205,Vivo,V2205
Vivo Y58 5G,vivo V2355,Vivo,V2355
Vortex CG65,Vortex CG65,Vortex,CG65
Vortex HD62,Vortex HD62,Vortex,HD62
Vortex J24,Vortex J24,Vortex,J24
Vortex ZG55,Vortex ZG55,Vortex,ZG55
Vortex ZG65 Pro,Vortex ZG65_Pro,Vortex,ZG65_Pro
Walton XANON X20,WALTON XANON_X20,Walton,XANON_X20
Xiaomi 11 Lite 5G NE,Xiaomi lisa,Xiaomi,lisa
Xiaomi 11 Lite NE,Xiaomi lisa,Xiaomi,lisa
Xiaomi 11i,Xiaomi pissarroin,Xiaomi,pissarroin
Xiaomi 11i HyperCharge,Xiaomi pissarroinpro,Xiaomi,pissarroinpro
Xiaomi 11T,Xiaomi amber,Xiaomi,amber
Xiaomi 11T Pro,Xiaomi vili,Xiaomi,vili
Xiaomi 12,Xiaomi cupid,Xiaomi,cupid
Xiaomi 12 Lite,Xiaomi taoyao,Xiaomi,taoyao
Xiaomi 12 Pro,Xiaomi zeus,Xiaomi,zeus
Xiaomi 12 Pro Dimensity,Xiaomi daumier,Xiaomi,daumier
Xiaomi 12T,Xiaomi plato,Xiaomi,plato
Xiaomi 12T Pro,Redmi diting,Xiaomi,diting
Xiaomi 12T Pro,Xiaomi diting,Xiaomi,diting
Xiaomi 12X,Xiaomi psyche,Xiaomi,psyche
Xiaomi 13T,Xiaomi aristotle,Xiaomi,aristotle
Xiaomi 13T,Xiaomi XIG04,Xiaomi,XIG04
Xiaomi 14,Xiaomi houji,Xiaomi,houji
Xiaomi 14 Ultra,Xiaomi aurora,Xiaomi,aurora
Xiaomi Mi 8,Xiaomi dipper,Xiaomi,dipper
Xiaomi Mi 10,Xiaomi umi,Xiaomi,umi
Xiaomi Mi 10 Pro,Xiaomi cmi,Xiaomi,cmi
Xiaomi Mi 10 Ultra,Xiaomi cas,Xiaomi,cas
Xiaomi Mi 10S,Xiaomi thyme,Xiaomi,thyme
Xiaomi Mi 10T Pro,Xiaomi apollo,Xiaomi,apollo
Xiaomi Mi 11,Xiaomi venus,Xiaomi,venus
Xiaomi Mi 11 Lite,Xiaomi courbet,Xiaomi,courbet
Xiaomi Mi 11 Lite,Xiaomi courbetin,Xiaomi,courbetin
Xiaomi Mi 11 Lite 5G,Xiaomi renoir,Xiaomi,renoir
Xiaomi Mi 11 Pro,Xiaomi mars,Xiaomi,mars
Xiaomi Mi 11 Ultra,Xiaomi star,Xiaomi,star
Xiaomi Mi 11i,Xiaomi haydn,Xiaomi,haydn
Xiaomi Mi 11X,Xiaomi aliothin,Xiaomi,aliothin
Xiaomi Mi 11X Pro,Xiaomi haydnin,Xiaomi,haydnin
Xiaomi Mi A1,xiaomi tissot_sprout,Xiaomi,tissot_sprout
Xiaomi Mi A2,xiaomi jasmine_sprout,Xiaomi,jasmine_sprout
Xiaomi Note 8,xiaomi ginkgo,Xiaomi,ginkgo
Xiaomi Pad 5,Xiaomi nabu,Xiaomi,nabu
Xiaomi Pad 5 Pro,Xiaomi dagu,Xiaomi,dagu
Xiaomi Pad 5 Pro,Xiaomi elish,Xiaomi,elish
Xiaomi Pad 5 Pro 5G,Xiaomi enuma,Xiaomi,enuma
Xiaomi Pad 6,Xiaomi pipa,Xiaomi,pipa
Xiaomi Pad 6 Max 14,Xiaomi yudi,Xiaomi,yudi
Xiaomi pad 6 Pro,Xiaomi liuqin,Xiaomi,liuqin
Xiaomi POCO F1,Xiaomi beryllium,Xiaomi,beryllium
XMobile X55,Xmobile X55,Sky Devices,X55
ZTE 5G UG Phone U25,nubia P720F09_U,ZTE,P720F09_U
ZTE 8050,ZTE P606F08,ZTE,P606F08
ZTE Blade A54,ZTE P963F64,ZTE,P963F64
ZTE Blade A75 5G,ZTE P720F09,ZTE,P720F09
ZTE Blade V50 Vita,ZTE P606F09,ZTE,P606F09
ZTE NX711J,nubia PQ82A01,ZTE,PQ82A01
ZTE NX729J,nubia NX729J-EEA,ZTE,NX729J-EEA
ZTE NX729J,nubia NX729J-UN,ZTE,NX729J-UN
